{
	"class_name" : "PinholeCameraParameters",
	"extrinsic" : 
	[
		1.0,
		-0.0,
		-0.0,
		0.0,
		0.0,
		-1.0,
		-0.0,
		0.0,
		0.0,
		-0.0,
		-1.0,
		0.0,
		0.54158592224121094,
		0.038999795913696289,
		18.047859779813521,
		1.0
	],
	"intrinsic" : 
	{
		"height" : 1071,
		"intrinsic_matrix" : 
		[
			927.51320745313387,
			0.0,
			0.0,
			0.0,
			927.51320745313387,
			0.0,
			959.5,
			535.0,
			1.0
		],
		"width" : 1920
	},
	"version_major" : 1,
	"version_minor" : 0
}